index_label,id
0,【洗发水】三个魔发匠生姜洗发水男女士去屑止痒控油老姜王姜汁去油洗头发膏
1,【生发神器】生姜洗发水防脱发生发洗发露去屑控油姜汁350g男女士
2,【60天免费试用】生姜洗发水控油防脱发增发密发洗发水去屑止痒
3,正品洗发液防脱发洗发水增发密发止脱生发洗发水男女防掉发洗发液
4,生发防脱洗发水生姜提取防脱育发去屑止痒控油防脱洗发水正品
5,中医防脱发洗发水增发密发正品控油去屑头发增长液男女可用洗发露
6,【买就买好的】500ML魅赞老姜王生姜洗发水去屑止痒控油孕妇可用
7,正品三个魔发匠生姜洗发水防脱发防掉发增发密发去屑女男士洗头膏
8,【正品】无硅油生姜防脱发洗发水增发密发去屑控油男女学生洗头膏
9,艾君防脱发氨基酸育发控油洗发水正品女防掉发断发固发生姜洗发露
10,生姜洗发水防脱发增发密发快速生发男女正品无硅油去屑控油洗头膏
11,柏诗春天生姜防脱发洗发水生发增发密发防止掉发快速长头发育发液
12,【真姜汁真有效】小红书抖音热卖魅赞老洗发水防脱去屑控油洗发露
13,艾君生姜洗发水控油去油护发素套装女防脱发洗发水增发密发洗发膏
14,老姜王防脱固发生发洗发水育发增发密发生姜控油去屑无硅油洗发露
15,生姜洗发水防脱发掉发男女密发生发育发去屑控油洗发露正品无硅油
16,九叶草正品老姜王生姜洗发水防脱发生发密发无硅油控油去屑洗发露
17,生姜洗发水防脱发防掉发增发密发育发女男学生无硅油去屑止痒正品
18,【防脱洗发水】正品三个魔发匠 生姜洗发水控油去屑防脱发增发密发育发液生发膏
19,【老姜王】无硅油生姜洗发水防脱发快速增发密发 育发液 正品
20,九叶草正品老姜王生姜洗发水防脱发生发密发无硅油控油去屑洗发露
21,生姜男女快速防脱发生发洗发水增发密发去屑控油无硅油洗发露正品
22,防脱发生发洗发水增发密发男女学生无硅油去屑控油去油育发洗头膏
23,老姜王生姜防脱洗发水去屑止痒洗头膏控油洗发乳洗发露1000/500ml
24,【买1送1】防脱生发 老姜王生姜洗发水生增发密发控油去屑洗发露
25,艾君生姜洗发水控油去油护发素套装女防脱发洗发水增发密发洗发膏
26,生姜洗发水去屑控油去油防脱发增发密发老姜王姜汁洗发露350ml
27,老姜王生姜洗发水防脱生发增发密发快速变长控油去屑洗发露350ml
28,【正品防脱控油】小爱将氨基酸洗发水男女士去屑止痒留香学生套装
29,防脱发洗发水增发密发快速变长控油去屑男女无硅油生姜洗头膏正品
30,头发生发液脂溢性防脱增发密发育发液斑秃顶脱发送止脱洗发水
31,正品生姜洗发水防脱发生发增发密发快速变长老姜王控油去屑洗发露
32,【防掉发增发】索芙特防脱育发洗发水发生发固发控油正品600ml
33,老姜王生姜洗发水防脱育发增发密发快速变长控油去屑正品固发防脱
34,[霸王正品]育发防脱洗发水 生姜防掉发洗发液 男女通用生发洗头膏
35,么尚洗发水正品套装生姜洗头水无硅油防脱发去屑生发止痒发膜
36,【防脱洗发水】三个魔发匠防脱生姜王洗发水控油去屑止痒生发膏
37,亩素洗发水防脱发增发密发快速变长控油去屑止痒洗发露350ml
38,【快速生发秘籍】老中医推荐生姜洗发水防脱发生发密发增发正品
39,人参洗发水无硅油精华防固滋养控油防脱发护发水男女用学生洗发乳
40,生姜洗发水去屑控油防脱发增发密发无硅油老姜王姜汁洗发露350ml
41,正品九叶草老姜王生姜洗发水防脱发生发控油去屑增发育发增长液
42,【21天生发】专治脱发30年!
43,【防脱发神器】无硅油生姜防脱发洗发水增发密发头发增长液男女式
44,正品何首乌洗发水中草药白发变黑发转黑防脱乌发一洗黑染发剂男女
45,正品九叶草老姜王生姜洗发水防脱发生发控油去屑增发育发增长液
46,老姜王生姜洗发水防脱生发增发密发快速变长控油去屑洗发露350ml
47,老姜王生姜防脱洗发水去屑止痒洗头膏控油洗发乳洗发露800/500ml
48,生发增发密发防脱生发洗发水草本中药育发液洗发膏控油去屑生发剂
49,头发增长液快速生发液育发液长发液变长防脱发护理洗发水增发密发
50,防脱洗发水增发密发溢脂性脱发无硅油控油去屑男女通用洗发露生发
51,正品生姜洗发水防脱发生发密发快速变长老姜王控油去屑洗发露套装
52,霸王防脱固发生发洗发水生姜育发增发密发止脱控油去屑正品洗发液
53,生姜洗发水老姜王防脱发洗发露正品去屑止痒洗头膏无硅油增长液
54,【防脱洗发水】正品三个魔发匠生姜洗发水控油去屑防脱发增发密发育发液生发膏
55,纯中草药防脱增发黑发洗发水何首乌侧柏叶控油去屑止痒正品洗发露
56,林肯控油防脱洗发水去油清爽去屑止痒持久留香72小时精油洗发露
57,【不长头发包退】防脱发生发增发密发脂溢性生发剂生发水洗发露
58,【药监认证 止脱控油育发】生姜防脱洗发水增发固发控油去屑止痒
59,【药监局备案止脱育发】魅赞生姜洗发水防脱增发密发控油去屑止痒
60,【姜力洗发水正品】生姜养发护发控油止痒去屑防脱无硅油洗护套装
61,施华蔻洗发水1000ml男女士清爽控油洗发露防脱去屑止痒无硅油正品
62,正品滋源无硅油洗发水护发素套装生姜防脱发去屑控油止痒洗发露女
63,艾君防脱发氨基酸育发控油洗发水正品女防掉发断发固发生姜洗发露
64,生姜无硅油防脱发洗发水防脱发生发增发密发控油去屑正品男女
65,正品亩素洗发水防脱发增发密发快速变长控油去屑止痒洗发露350ml
66,章光101防脱洗发水生发液育发剂增发密正品
67,生姜洗发水去屑控油去油防脱发增发密发老姜王姜汁洗发露无硅油
68,何首乌中草药黑发洗发水去屑止痒白发变黑发乌发养发防脱发生发
69,正品洗发液防脱发洗发水增发密发止脱生发洗发水男女防掉发洗发液
70,老姜王生姜洗发水防脱育发增发密发正品姜汁无硅油男女士通用留香
71,正品防脱发洗发水 防脱发增发密发育发液 控油去屑止痒洗发露
72,【防脱洗发水】三个魔发匠生姜洗发水男女士防脱发去屑止痒控油老姜王姜汁除螨膏
73,买二送一【白发变黑发】何首乌中草药洗发水滋养防脱固发黑发养发
74,头发快速生发液脂溢性防脱增发密发育发液斑秃顶脱发送止脱洗发水
75,【防脱特证】卓蓝雅无硅生姜防脱洗发水姜汁生发控油男女洗发露
76,老姜王洗发水去屑止痒去油生姜洗发水防脱发生发正品洗发水男女
77,防脱发洗发水增发密发止脱生发控油去屑止痒洗发水男女防掉发头发
78,【防脱洗发水】【热销1万+】防脱生发洗发水增发密发去屑止痒控油洗发水斑秃育发防掉发男女士
79,【防脱发神器】三个魔发匠生姜防脱发洗发水育发增发密发头发男女
80,【有人参的】生姜洗发水防脱发掉发增发密发何首乌留香女控油去油
81,防脱育发祛屑止痒洗发水去大块头皮屑头螨男女控油防脱生发洗发露
82,【生发神奇】生姜洗发水防脱发控油去油洗发露去屑洗头膏350G男女
83,[霸王正品]防脱发育发洗发水防掉发生发洗发液固发男女通用洗头膏
84,【洗发水】三个魔发匠生姜洗发水男女士去屑止痒控油老姜王姜汁去油洗头发膏
85,生姜洗发水防脱生发增发密发快速变长去屑止痒控油正品固发洗发露
86,正品九叶草老姜王生姜洗发水防脱发生发增发密发去屑控油洗发水
87,三个魔发匠生姜洗发水男女士防脱发去屑止痒控油老姜王姜汁增发液
88,老姜王生姜洗发水防脱发生发无硅油洗发露去屑控油洗头膏乳正品
89,白发变黑发转黑何首乌洗发水中草药防脱发增发密发生发草本养发液
90,【防脱洗发水】正品常颜草本防脱洗发水修护健发发生发密快速育发深层滋养洗发水
91,去屑止痒洗发水除螨去癣脂溢性头皮头屑毛囊焱炎控油防脱发洗发水
92,生姜洗发水正品防脱生发老姜王去屑止痒控油无硅油姜汁洗头膏套装
93,正品生姜洗发水防脱发生发密发快速增长老姜王去屑止痒洗发露头膏
94,老树中药何首乌生姜黑发洗发水白发变黑发根部转黑洗发膏防脱正品
95,何首乌中草药黑发洗发水男女士白发变黑发控油去油无硅防脱洗头膏
96,【防脱洗发水】三个魔发匠生姜洗发水男女士去屑止痒控油老姜王姜汁生发洗头发膏
97,康王去屑洗发水控油防脱止痒洗头膏去头皮屑神器抑菌修复改善头皮
98,艾薏菲老姜王生姜洗发露洗头膏去屑控油止痒生发防脱发正品洗发水
99,老姜王防脱生发洗发水生姜正品密发育发控油止痒去屑防掉发洗发露
100,么尚洗发水正品套装纯姜生姜洗头水无硅油防脱发去屑生发止痒发膜
101,正品滋源无硅油生姜洗护套装控油去屑止痒防脱发洗发露护发素柔顺
102,【生姜草药】防脱发生发洗发液 生姜育发洗发水 修护生发养发黑发
103,正品泛华防脱发洗发水 防脱发增发密发育发液 头发增长液生发液
104,官方正品么尚洗发水洗护套装防脱发男女无硅油生姜沐浴露止痒去屑
105,滋源无硅油生姜洗发水防脱发防掉发增发密发去屑控油止痒洗头膏女
106,生姜洗发水防脱发防掉发增发密发生发男女士去屑止痒去油修护正品
107,正品九叶草老姜王生姜洗发水防脱发生发增发密发去屑控油洗发水
108,【防脱洗发水】【老姜王防脱增发】生姜洗发水女防脱发增发密发生发去屑止痒留香
109,正品姜汁生姜姜医生增发密发洗发露去屑止痒防脱发掉发清爽控油
110,【领券立减】霸王生姜防脱洗发水1L姜汁首乌育发生长液去屑洗发露
111,何首乌中草药洗发水白发自然转黑发防脱养发植物乌发液产后白头发
112,海飞丝正品护根防掉发型洗发水750ml去屑控油留香止痒男女防脱发
113,【1000毫升】郎奇丝老姜王生姜洗发水防脱发无硅油控油去屑洗发水
114,正品茶麸洗发水 防脱发生发控油去屑清爽 洗发露
115,买2送1【防脱固发黑发养发】何首乌中草药洗发水白发变黑发生发水
116,正品老生姜洗发水防脱发生发育发增发密发控油去油去屑姜汁洗发露
117,正品生姜洗发水套装护发素老姜王防脱发止痒控油去屑洗头膏洗发露
118,飘柔洗发水男女士去屑止痒洗发水护发素套装小瓶洗发露1L宝洁正品
119,【防脱 白发自然变黑】何首乌中草药洗发水500ML养发防掉发洗发露
120,【防脱洗发水】正品姜医生防脱发掉发控油生姜洗发水男女士
121,霸王生姜洗发水套装姜汁防脱发掉头发增发黑发固发洗发露1L洗头膏
122,【买2送1】生姜洗发水老姜王防脱固发生发无硅油控油去屑洗发露
123,正品九叶草老姜王生姜洗发水防脱发生发控油去屑增发育发洗发露
124,正品生姜洗发水防脱发生发增发密发控油去油去屑育发男女洗发露
125,洗头神器生姜洗发水女防脱发防掉发增发密发控油老姜王洗发露男士
126,康王去屑止痒洗发水正品去大块头皮屑克星头皮控油康王去屑洗发露
127,云森正品防脱发掉发洗发水止脱生发洗发液男女增发密发去屑育发露
128,生姜洗发水防脱发掉发育发增发控油老姜王姜汁洗头膏修复男女正品
129,霸王洗发水400ml首乌发固发防脱发增发密发控油去屑男女洗头膏
130,么尚洗发水套装无硅油孕妇生姜男女士防脱修护止痒去屑控油护发素
131,霸王首乌固发防脱洗发水何首乌中草药白发转黑强根固发正品洗发露
132,【防脱洗发水】【热销1万+】霸王防脱洗发水防脱发掉发密发增发洗发露洗发液男女士头皮护理液
133,九叶草生姜洗发水防脱发生发增发密发去屑控油老姜王姜汁洗发露
134,正品防脱发生发液生姜洗发水增发密发头发快速增长液去屑控油套装
135,防脱发生发液洗发水脂溢性防掉发头发快速增长发际线产后掉发密发
136,买三送一【何首乌黑发洗发水】中草药白发变黑乌发防脱发生发正品
137,老姜王生姜洗发水防脱发增发密发控油去屑止痒无硅油洗发露350ml
138,魔香防脱发生姜洗发水去屑止痒控油男士女士老姜王去油姜汁洗头膏
139,防脱洗发水生发黑发纯中草药何首乌侧柏叶控油去屑止痒正品洗发露
140,保税区 日本 资生堂不老林ADENOGEN防脱生发无硅洗发水 控油400ml
141,草本洗发水去屑止痒除螨虫清凉控油防脱去虱子头痒头皮屑头癣正品
142,【小红书推荐】生姜防脱洗发水生发育发快速增发洗发膏正品男女
143,【买2送1】老姜王生姜洗发水防脱发生发密发无硅油控油去屑洗发露
144,【防脱洗发水】正品香港老姜王生姜防脱洗发水控油去屑止痒洗发乳洗发露洗头膏
145,薇可小菲泛华防脱洗发水正品养发育发增密控油止痒除螨护发洗头膏
146,生姜洗发水防脱发防掉发增发密发老姜王抖音同款控油去屑固发育发
147,生姜洗发水防脱发育发增发控油无硅油老姜王去屑洗头膏男女士密发
148,正品么尚洗发水么尚无硅油生姜洗护套男女孕妇防脱生发去屑止痒
149,韩国吕洗发水护发素 红吕修复干枯 绿吕去屑控油 棕吕固发防脱发
150,【防脱洗发水】【老姜王洗发水】去屑止痒除螨去癣脂溢性头皮毛囊焱炎控油防脱发
151,霸王首乌固发防脱洗发水露正品1L控油去屑何首乌露持久留香洗头膏
152,生姜洗发水防脱发生发育发增发密发控油去屑老姜王洗发膏精华正品
153,霸王正品育发防脱发洗发水套装营养液男女士控油去屑膏防脱洗发露
154,妈媚丽生姜洗发水防脱发育发正品老姜去屑止痒控油无硅油汁洗头膏
155,生姜洗发水防脱发生发增发密发男士女士控油去屑止痒姜汁洗头膏
156,魔香生姜洗发水防脱发控油洗发露生发老姜王洗头膏正品
157,琴叶生姜王老姜汁增发密发防掉发生理发店专用防脱洗发水女洗发露
158,正品滋源无硅油生姜洗发水强根健发坚韧发丝防脱控油清爽洗发露
159,【买1送1】生姜洗发水护发素套装 老姜王洗发露洗头膏800/150ml
160,【霸王正品】生姜洗发水防脱发防掉发增发密发男女通用洗发液
161,生姜洗发水防脱发生发育发快速增发防掉发控油洗发膏老姜王无硅油
162,【防脱洗发水】【热销6万+】【认准魅赞】老姜王生姜洗发水防脱发去屑止痒控油增发密发洗发乳
163,维爽男女士防脱固发首乌中药洗发水正品植物白发转黑发750g洗发露
164,老姜王生姜防脱洗发水去屑止痒洗头膏控油洗发乳洗发露正品625ml
165,姜力洗发水正品专柜老姜汁去屑控油止痒防脱发无硅油男女洗护套装
166,妈媚丽生姜洗发水防脱育发正品老姜去屑止痒控油无硅油汁洗头膏
167,买一送一佰丝德老姜汁洗发水防脱发去屑控油无硅油护发素洗发露
168,【防脱洗发水】【霸王正品】中草药防脱发防掉发增发密发控油男女通用洗发液
169,正品生姜洗发水防脱生发液增发密发增长液控油去屑止痒男女士套装
170,老姜王姜汁防脱洗发水生发神器快速增发育发洗发膏男女通用正品
171,三个魔发匠生姜洗发水防脱发防掉头发洗发露洗头膏控油祛屑老姜王
172,霸王育发洗发水套装正品去屑止痒防脱洗头膏头生姜洗发露男士女士
173,买2送1何首乌洗发水中草防脱发去屑黑发控油白发变黑发男女洗发水
174,章光101生发液防脱育发剂正品额头长发增发
175,霸王首乌固发防脱发洗发水何首乌中草药黑发柔顺去屑男女士洗发露
176,霸王姜汁首乌洗发水生姜防脱发去屑止痒控油男女士老姜王1000ml
177,生姜洗发水防脱生发增发密发头发增长液快速变长发际线额头生发液
178,正品生姜洗发水防脱发防掉发去屑止痒无硅油洗头膏控油去油洗发露
179,正品蜗蜗纯生姜无硅油洗发水护发素发膜套装防脱生发去屑止痒控油
180,【防脱洗发水】【热销10万+】俏滋媛育发防脱发洗发水正品男女增发密发生发无硅油
181,霸王首乌固发防脱发洗发水何首乌中草药黑发柔顺去屑男女士洗发露
182,蜗蜗正品纯姜无硅油洗发水洗发露控油去屑清爽止痒防脱生发
183,买二送一【白发变黑发】何首乌中草药洗发水滋养防脱固发黑发养发
184,么尚生姜洗发水防脱发去屑止痒护发素正品留香洗发露女孕妇套装
185,正品防脱老姜王生姜汁姜疗洗发水控油去屑止痒洗发乳固发洗发露
186,【防脱洗发水】【霸王正品】生发洗发水生姜防脱发育发洗发液固发男女通用洗头膏
187,正品姜力洗发水防脱去屑控油清洁保养健发柔顺生姜洗护套装无硅油
188,生姜洗发水正品防脱生发增发密发男女通用控油去屑洗发露350ml
189,阿道夫生姜防脱洗发水300g去屑健发育发洗头水洗发乳正品
190,【霸王旗舰店】霸王生姜育发防脱洗发水增发密发洗头膏男士女士正
191,【药监认证】魅赞防脱洗发水增发密发育发液止脱药防掉发控油去屑
192,【防脱洗发水】【热销3万+】【买就买好的! 】魅赞生姜洗发水防脱生发老姜王控油去屑止痒柔顺
193,英国THE BODY SHOP生姜洗发水防脱掉发洗发露400ML控油去屑止痒
194,霸王女士防脱洗发水护发素洗护套装防脱发控油去屑洗发露孕期可用
195,[解决头发少]霸王育发防脱洗发水头发营养液男女洗头膏控油洗发露
196,【生发神器】老姜王生姜洗发水防脱发生发洗发露去屑控油姜汁500g
197,正品老姜王生姜洗发水防脱发生发密发增长液无硅油控油去屑洗发露
198,【防脱洗发水】正品老姜王生姜洗发水防脱生发固发防脱控油去屑套装姜汁洗发水
199,姜芝堂正品老姜王生姜洗发水防脱发生发密发增长液控油去屑洗发露
200,霸王首乌固发洗发水1L大瓶家庭装何首乌洗发液男女防脱洗发露正品
201,【生发神器】生姜洗发水增发密发变长控油止痒防脱发洗发水350ml
202,买2送1法国魔香生姜防脱发洗发水生发老姜王洗头膏控油洗发露正品
203,蜗蜗纯生姜无硅油洗发水正品护发素发膜套装防脱生发去屑止痒控油
204,【防脱洗发水】【防脱育发】三个魔发匠生姜洗发水去屑止痒控油防脱育发洗发水
205,蜗蜗正品纯姜无硅油洗发水套装洗发露控油去屑清爽止痒防脱生发
206,【不黑不要钱】何首乌纯天然中草药洗发水 白发变黑 防脱固养发液
207,老姜王生姜防脱发洗发水姜汁洗发露育发生发去屑止痒控油护发素
208,【买二送一】老姜王生姜洗发水防脱发生发增发密发控油去屑洗发露
209,首乌洗发水去屑控油去油防脱发增发密发首乌洗发露 洗发水正品
210,一瓶搞定 去屑止痒
211,生姜洗发水正品去屑止痒洗头膏老姜王防脱增发密发发洗发露增长液
212,【买二送一】老姜王生姜洗发水防脱生发密发无硅油控油去屑洗发露
213,买一发二霸王育发洗发水固发防脱洗发露头发营养液增发男女通用液
214,索芙特防脱发洗发水露男女士控油去屑生发增发密发育发洗头膏正品
215,正品三个魔发匠 生姜洗发水控油去屑防脱发增发密发育发液生发膏
216,【防脱洗发水】快速长发液头发增长液防脱护发生发剂男女育发密发生发液长发际线
217,九叶草老姜王防脱固发洗发水生发密发控油育发露姜汁发液男女正品
218,【正品】三个魔发匠生姜洗发水男女防脱育发液姜王控油增发洗头膏
219,[霸王正品]防脱洗发水 育发防掉发生姜洗发液 男女通用生发洗头膏
220,九叶草老姜王生姜洗发水防脱发生发固发密发控油去屑无硅油洗发露
221,【防脱洗发水】 隆力奇何首乌防脱洗发水男女士控油洗发乳滋养
222,【防脱洗发水】[霸王正品]防脱洗发水 育发防掉发中草洗发液 男女通用生发洗发露
223,索芙特防脱育发洗发水生发养发固发密发增发液男女滋润营养洗头膏
224,何首乌草本防脱发黑发养发液柔顺去屑止痒去油洗发水男女家庭套装
225,生姜洗发水控油防脱发去油去屑止痒增发密发老姜王生发育发洗发露
226,章光101防脱发洗发水育发再生发增发长密发液止脱瑞丝防掉发男女
227,【头发3-6倍增长】防脱发生发洗发水洗发露 洗头液快速生发密发
228,白发变黑发防脱发洗发水男女去屑控油止痒洗发露增发密发育发生发
229,艾薏菲生姜老姜王洗发水去屑止痒防脱固发生发控油洗头膏洗发露
230,【送生发液】老姜王洗发水防脱发生姜控油去屑止痒固发密发洗发露
231,香港琴叶正品 生姜洗发水防脱发控油 老姜汁洗发水男士女士
232,【有防脱特证】老姜王生姜洗发水防脱发增发固发控油去屑止痒修复
233,【头发快速生长】生发液脂溢性防脱发增发密发育发止脱洗发水套装
234,【洗发水】【白发变黑发洗发水】何首乌中草药黑发洗发水少白头发变黑500ml
235,【正品老姜王】无硅油生姜洗发水防脱发增发密发头发产后增长液
236,生姜洗发水防脱防掉生发增发密发快速变长控油去屑洗发露
237,草本何首乌白发转黑发洗发水正品少白头防脱发乌发液白发变黑发
238,阿道夫姜汁防脱育发洗发水800g修护强根健发密发洗发水专卖店正品
239,老姜王生姜洗发水防脱去屑控油九叶草正品生发固发无硅油洗发露
240,首乌白发变黑发洗发水女防脱发增发密发无硅油控油去油男士乌发液
241,天津康婷瑞倪维儿山茶油洗发水去头屑400ml 防脱发 止痒 柔润乌黑
242,生发液增发密发生姜洗发水长发液快速变长头发增长液防脱发育发液
243,【防伪正品】雅菲诗防脱发洗发水增发生姜防脱生发控油洗头洗发露
244,么尚洗发水洗护套装无硅油生姜防脱养发去屑止痒发膜
245,姜力洗发水正品洗护套装控油防脱发无硅油1号2号控油止痒去屑
246,【洗发水】【热销2万+】男士氨基酸洗发水古龙香水沐浴露清爽控油去屑洗头膏套装学生正品
247,【白发变黑发】正品何首乌洗发水中草药植物坚固发根黑发养发防脱
248,霸王育发防脱洗发水育发液套装防斑秃修复发际线增发液男女士正品
249,正品郎奇丝无硅油生姜洗发水防脱发控油去屑老姜王洗头膏洗发露
250,【白发自然变黑】何首乌中草药洗发水乌发遗传少年白防脱发500ml
251,抖音纯手工姜老头洗发水控油去屑止痒防脱生发男女通用正品包邮
252,【防脱洗发水】何首乌生姜洗发水去屑防脱洗发露香氛护发素男女控油植物精华液
253,雅顺洗发水正品思埠雅顺洗发水护发素防脱发滋养柔顺去屑洗发露
254,霸王首乌固发洗发水400ml浓密增发密发防脱洗发水男女士洗头膏
255,首乌洗发水去屑控油去油防脱发增发密发首乌洗发露 洗发水正品
256,[2送1][3送2 ][5送3]天麻何首乌洗发水洗发露乌发防脱黑发养套装
257,【山大夫正品】老姜王生姜防脱洗发水护发素家庭套装去屑止痒柔顺
258,【生姜 防脱密发 洗发水】
259,霸王女士防脱洗护套装密发少女控油预防掉发断发增发洗发露孕期
260,正品天然首乌去屑洗发水 黑芝麻茶籽老姜王防脱黑发400ml/625ml
261,【7天固发生发】生发剂生发灵防脱生发精华洗发水姜王生发液30
262,【生发神器】生姜洗发水防脱固发生发去屑止痒控油养发姜汁洗发露
263,霸王育发液防脱发洗发水增发密发男女士非旗舰店官网生发头皮营养
264,滋源生姜汁洗发水露无硅油无患子茶籽535ML洗发水护发套装男女士
265,霸王正品首乌固发防脱发洗发水乌黑发洗发露男女士去屑止痒洗头膏
266,头发增长液护理液快速增长防脱发生姜洗发水营养生发液增发密发
267,正品么尚洗发水无硅油生姜洗发水单瓶男女生发防脱发去屑止痒控油
268,琴叶淘米水洗发水护发素 黑控油防脱洗发水 糯米酸养发乳去屑止痒
269,保税区 日本原装资生堂不老林女士防脱洗发水240ml孕妇修复生发
270,【防脱洗发水】【热销6万+】魔香生姜防脱发控油洗发水洗发露生发老姜王洗头膏正品
271,章光101防脱发洗发水增发密发再生长发际线育发液瑞丝防掉发男女
272,500ml植物皂角何首乌控油去屑止痒洗发水防脱发生姜无硅油洗发液
273,生姜洗发水护发素防脱发男女姜汁育生发去屑止痒控油无硅油老姜王
274,霸王生姜洗发水防脱发掉发育发增发控油老姜王姜汁洗头膏男女正品
275,[买一送一]霸王何首乌中草药洗发水308g防脱固发浓密黑发润发男女
276,【防脱洗发水】生发液增发密发灵头发增长液脂溢性防脱发育发水秃顶止脱养发固发
277,姜王控油防脱去屑生姜去头屑去屑清爽止痒姜汁健发养发护发洗发水
278,【药监局防脱特证】高缇雅老姜王洗发水防脱去屑止痒控油男女正品
279,洛卡滋生姜无硅油洗发水护发素男女正品套装防脱去屑控油持久留香
280,老姜王生姜洗发水防脱育发增发密发快速变长去屑正品固发洗发露
281,【套装】蜗蜗洗发水护发素套装纯生姜洗发水防脱育发去屑止痒控油
282,【洗发水】阿道夫洗发水护发素正品套装520ml*2瓶 去祛屑控油洗头水滋润修护
283,正品康王去屑止痒洗发水控油防脱滋养深层清洁洗发露男女400ml
284,植草乌源防脱育发洗发水控油去屑止痒滋养增发密发无硅油洗发露
285,【止脱增发 生姜生发】正品生发灵防脱乌发密发控油去屑洗发水液
286,英国进口美体小铺THE BODY SHOP生姜洗发水防脱生发控油去屑400ml
287,天然中草药茶籽粉防脱乌发去屑止痒去油固发茶麸茶枯粉洗发水25包
288,【洗发水】【热销1万+】荷森氏男士洗发水沐浴露套装古龙香水持久留香家庭去屑止痒洗头膏
289,章光101生姜防脱发洗发水增发际线瑞丝生发液防掉长密老姜汁男女
290,正品防脱发洗发水自然增长生发增发密发育发控油去屑止痒洗发露
291,老姜王生姜洗发水护发素套装防脱增发控油去屑止痒洗发乳1000ml
292,【防脱固发黑发养发】何首乌中草药洗发水白发变黑发生发水
293,康王去屑止痒洗发水控油防脱发洗头膏除螨虫去抑菌修复头皮屑神器
294,{销量过万}三个魔发匠生姜洗发水控油去屑防脱育发液老姜王洗头膏
295,【白发变黑发】纯天然植物中草药养发白发变黑发增发防脱发洗发水
296,云南白药养元青洗发水控油防脱洗发水 210毫升洗发水60毫升育发液
297,乐草元强韧发根洗发水官方正品男女洗发水防脱固发育发滋养头皮
298,正品老生姜洗发水养发去屑止痒控油健发护发防脱发防掉发洗发露
299,防脱生姜洗发水增发密发洗头膏女正品去屑止痒控油无硅油洗发露
300,【洗发水】何首乌去白发转黑发少白头植物中草药乌发洗发水少年中年转黑正品
301,霸王姜汁防脱洗发水去屑止痒控油洗头膏男士女士正品
302,老姜王生姜防脱发洗发水护发素套装去屑止痒控油洗发露发乳洗头膏
303,去屑止痒洗发水正品除螨虫祛头皮屑头痒有疙瘩清洁控油防脱洗头膏
304,么尚洗发水套装正品网红抖音李佳琪洗发乳防脱发控油沐浴露三件套
305,易圣之源洗发水正品 易圣之源白转黑洗发水去屑防脱生发育发洗发
306,茶麸原浆茶籽茶枯洗发水茶夫变黑男女士防掉发修复烫染受损正品
307,【掉发救星】三个魔发匠生姜洗发水防脱发控油去屑止痒洗发膏男女
308,佧缔丝洗发水生姜止痒李佳琦推荐去屑控油防脱发女正品护发素套装
309,霸王乌发固发洗发水家庭装正品防脱发洗发露男女洗头膏去屑洗发液
310,正品生姜洗发水护发素套装老姜王姜汁去屑止痒防脱控油男女
311,一禾三生无硅油生姜汁洗发水护发素防脱控油去屑止痒洗护套装正品
312,【9个好友已购买】洗发水套装护发素沐浴露控油滋润洗发露洗头膏
313,蜗蜗洗发水官方正品纯生姜养发护发无硅油防脱控油去屑止痒洗发露
314,无硅油洗发水固发去屑止痒控油洗发水防脱发洗发水茶籽洗发乳正品
315,卓蓝雅生姜防脱洗发水育发固发控油洗头膏女正品400ML
316,老姜王生姜防脱洗发水去屑止痒洗头膏控油洗发乳洗发露正品625ml
317,阿道夫生姜防脱育发洗发水正品包邮控油生发增发密发天然防脱发液
318,霸王洗发水男女士去屑止痒洗发水控油去油持久留香洗头膏男士正品
319,正品牛蒡根迷迭香洗发水除螨虫去屑止痒控油无硅油套装男女洗头膏
320,么尚洗发水官方正品生姜洗护套装无硅油止痒去屑防脱护发持久留香
321,老姜王生姜洗发水防脱生发控油去屑增发密发固发正品快速变长防脱
322,蜂花无硅油洗发水护发素洗护套装 控油防脱洗发精洗头膏洗发水
323,正品生姜洗发水防脱发护发素洗发水套装洗发露女学生洗头膏老姜王
324,【防脱洗发水】正品生姜洗发水防脱发育发增发密发生发液去屑止痒控油去油洗发露
325,三个魔发匠生姜洗发水植物防脱育发洗发露老姜王姜汁控油生发液露
326,正品三个魔发匠生姜洗发水控油去屑防脱发增发密发育发液生发液
327,【防掉发增发】索芙特防脱育发洗发水防掉发增发生发固发控油正品
328,老中医推荐草本防脱发洗发水育发液生发增发控油去屑止痒男女通用
329,【买二送一】老姜王生姜洗发水防脱发生发增发密发控油去屑洗发露
330,"控油,防脱,止痒,纯中药,养发护发,正品,洗发水,壹佳二"
331,正品去屑止痒洗发水 去头屑控油防脱发洗发露 无硅油洗头膏
332,霸王乌发固发洗发液1L何首乌黑发浓密姜汁防脱洗发水露沐浴露套装
333,电视同款七日生发素7日防脱发生发护发增发密发头发长洗发水官网
334,侧柏叶植物控油防脱发洗发水生姜生发洗头膏姜汁去屑止痒女男正品
335,生姜洗发水防脱生发男女士正品老姜王控油去屑止痒洗头膏护发素汁
336,【防脱洗发水】生姜洗发水护发素控油去屑止痒防脱深层养发护发素洗发水男女通用
337,康王去屑小袋装洗发水去屑止痒控油防脱男女去头皮屑10袋80ml
338,正品何首乌中草药洗发水白发转黑防脱发一洗黑发神器染发剂膏男女
339,么尚洗发水正品洗发露女防脱发增发密发生姜网红男士无硅油洗头膏
340,生姜洗发水去屑止痒控油去油无硅油防脱发掉发头增长液洗发液洗头
341,三个魔发匠生姜洗发水去屑控油男女士防脱发增发老姜王姜汁洗头膏
342,【洗发水】笛梵洗发水套装正品迪梵茶树控油去屑无硅油氨基酸洗发露护发素
343,潘婷氨基酸洗发水 多款式多规格任选 柔顺滋养水润光泽强韧防脱
344,正品霸王育发防脱洗发水套装去屑止痒控油洗护套装增发护发洗发露
345,500ml何首乌中草药皂角去屑止痒洗发水植物防脱控油无硅油洗发液
346,韩国吕洗发水套装 防脱发去屑控油 修复干枯 韩国原装进口正品
347,老姜王生姜洗发水套装增发密发防脱发去屑控油止痒生发正品无硅油
348,首乌黑五珍植物洗发水女学生留香洗发露控油去油去屑男女士家庭装
349,【1000ml套装】老姜王防脱固发控油去屑止痒洗发水洗发乳男女通用
350,正品么尚洗发水护发素套装生姜洗发水洗护套装男女士孕妇防脱止痒
351,老姜王生姜洗发水防脱生发增发密发快速变长控油去屑洗发露长发液
352,日本熊野油脂马油洗发水护发素套装沐浴露防脱发无硅控油去屑止痒
353,[霸王正品]防脱发洗发水防掉发控油去屑洗发液生姜生发育发洗发膏
354,何首乌中草药洗发水白发变黑发洗发水纯天然植物乌发养发液防脱
355,老姜王生姜洗发水护发控油去屑洗头膏止痒洗发乳洗发露500/800ml
356,老姜王生姜男士洗发水防脱生发增发密发快速变长控油去屑洗发露女
357,琴叶生姜防脱发掉发增发正品姜王老姜汁控油生发去屑男女洗发水1L
358,阿迪达斯控油去屑洗发水防脱止痒呵护头皮男士运动洗发露220ml
359,生姜洗发水护发素套装防脱发去屑止痒控油去油洗头膏洗发露女男士
360,【防脱洗发水】正品滋源无硅油生姜洗发水护发素套装强根健发防脱控油清爽洗发露
361,俏滋媛防脱发洗发水增发密发生姜控油止痒去屑快速生发洗发露
362,琴叶 生姜洗发水女防脱发姜汁育发控油生洗发露男去油姜王洗头膏
363,【药监认证 止脱控油育发】生姜防脱洗发水增发固发控油去屑止痒
364,笛梵新品水精灵洗发水护发素发膜茶树玻尿酸滋润修护去屑防脱止痒
365,【生发神器】生姜洗发水防脱固发生发去屑止痒控油养发姜汁洗发露
366,生姜洗发水正品防掉发控油老姜王姜汁套装洗
367,硫磺洗发水除螨虫杀菌止痒去屑控油防脱发无硅油洗发水男女士300g
368,霸王姜汁首乌洗发水生姜防脱发去屑止痒控油男女士
369,蜗蜗洗发水护发素营养发膜防脱纯姜无硅油洗护套装精品包邮
370,老姜王洗发水防脱发生发密发姜汁生姜控油中草药洗头膏育发增发液
371,何首乌中草药洗发水防脱固发黑发养黑白转黑乌发生发洗发水护发素
372,章光101白头发变黑发洗发水何首乌乌发液
373,侧柏叶控油防脱生发育发去屑止痒洗发水皂角首乌生姜无硅油洗发液
374,霸王去屑洗发水1L正品去头屑止痒控油去油柔顺男女洗头膏持久留香
375,【厂家直销】生姜洗发水防脱发掉发育发控油生发老姜王去屑洗头乳
376,【头发长多长长】 防掉发 生姜生发洗发水 生发密发增发洗发露
377,霸王女士防脱洗发水控油洗发液护发套装防掉发断发洗发露正品
378,【防脱】头发增长液生发液育发液快速防脱发掉发增发密发止脱斑秃顶脱发
379,生姜洗发水540ml家庭套装香味持久留香去屑止痒控油防脱男女通用
380,【老姜王姜汁】生姜防脱发洗发水增发密发头发男女士通用增长液
381,【老中医推荐】草本防脱育发洗发水生发育发增发密发控油去屑正品
382,【第二瓶半价】人参洗发水无硅油人参精华防脱固发控油滋养护发
383,笛梵洗发水DIFO笛梵洗护套无硅油毛囊净化强根防脱洗发水洗护套装
384,正品姜医生防脱发控油生姜洗发水
385,【防脱固发黑发养发】正品天然首乌去屑洗发水400/625ml洗发露
386,生姜防掉发洗发水老姜王洗发露育发生发去屑止痒控油防脱发护发素
387,姜泥姜蓉洗护套装生姜洗发水护发素防脱发生发控油去头屑头皮养护
388,【发量暴增】生姜洗发水防脱发生发洗发露去屑控油姜汁老姜王男女
389,何首乌中草药洗发水白头发转黑发中老年产后白发乌发防脱养发液
390,【洗发水】【特惠750ml】正品洗发水兰花去屑止痒控油长效水润丝滑家庭套装
391,阿道夫生姜防脱育发洗发水500ml姜汁祛屑控油增发密发育发洗头水
392,么尚洗发水洗护套装无硅油生姜防脱养发去屑止痒发膜
393,【800ML大瓶】魅赞老姜王生姜洗发水防脱发密发增发控油去屑止痒
394,正品生姜洗发水防脱发防掉发去屑止痒无硅油洗头膏控油去油洗发露
395,去屑止痒除螨去藓脂溢性头皮头屑头皮毛囊焱炎脂溢性皮炎洗发水
396,增发剂生发液学生育发液快速增长防脱发洗发水增发密发掉头发秃顶
397,生姜防脱发洗发水正品男女增发密发液止脱无硅油控油老姜王洗发露
398,笛梵洗发水DIFO笛梵毛囊净化强根洗发乳无硅油防脱发去油去屑头
399,姜力洗发水润发乳去屑控油止痒防脱发无硅油洗护套装正品1号2号
400,霸王乌发固发防脱发洗发水液1L何首乌洗发露男女士洗头膏包邮正品
401,控油洗发水无硅油男女士去油强根健发防脱发洗发水正品茶箍洗发乳
402,热销万笔 滋源生姜洗发水防脱发增发去屑无硅油控油姜汁洗发露
403,正品春素洗发水护发素套装防脱无硅油去屑止痒控油植物营养素小皙
404,防脱发生姜洗发水正品男女士老姜王无硅油控油去油姜汁洗头膏去屑
405,霸王姜汁首乌洗发水生姜防脱发去屑止痒控油男女士老姜王1000ml
406,生姜洗发水去屑控油去油防脱发增发密发老姜王姜汁洗发露350ml
407,【买2送1】专利正品何首乌中药洗发水白头一洗黑育发露生姜防脱液
408,植物洗发水何首乌中草药黑发白发变黑纯植物黑发白发治根洗发水
409,霸王首乌固发防脱洗发水750ml乌黑浓密固发保湿去屑洗发水旗舰店
410,天然首乌乌发黑发洗发水白发转黑去白发去屑止痒防脱育发乌发液
411,(买二送一)何首乌中草药黑发洗发水纯植物白发变黑发乌发防脱发
412,发雅丝姜医生洗发水防脱发掉发控油生姜洗发水男女士姜汁增发密发
413,霸王生姜洗发水750ml防脱健发固发控油保湿去屑男女士洗头膏正品
414,【防脱洗发水】何首乌正品中草药植物精华白发变黑发养发防脱发生发功效的洗发液
415,霸王控油去屑防脱洗发水400ml强根健发洗发液植物精华男女洗发露
416,生姜洗发水800ml无硅油去屑止痒控油防脱发掉发滋养男女家庭套装
417,欧美莉正品500ml生姜洗发水老姜防脱生发控油去屑止痒去油洗头膏
418,生发液头发增长液脂溢性斑秃育发固发剂控油止脱密发防脱发洗发水
419,正品滋源无硅油生姜洗发水护发素套装强根健发防脱控油清爽洗发露
420,【防脱洗发水】生姜洗发水正品护发素套装防脱发老姜王姜汁生发控油去屑止痒男女
421,诗朗茶籽洗发露720g超市正品去屑止痒洗发水控油防脱增密包邮
422,韩国进口吕洗发水护发素沐浴露套装修复干枯去屑控油防脱发400ml
423,多魅中华神洗洗发水正品无硅油防脱套装去屑止痒滋润改善毛躁女士
424,生姜洗发水正品防脱发生发密发育发无硅油去屑止痒控油洗发露女
425,何首乌中草药黑发洗发水 白发变黑发养发液白发乌发 防脱生发
426,【防脱洗发水】老姜王生姜洗发水防脱生发增发快速长发控油
427,么尚洗发水去屑 正品 留香去油防脱发增发止脱控油护发素沐浴露
428,正品滋源无硅油生姜洗发水护发素套装男女士控油健发防脱发535ml
429,何首乌中草药黑发洗发水纯天然植物白发变黑发养发防脱发生发增发
430,【阿道夫生姜洗发水】防脱育发防掉发生发男女通用套装300g正品
431,老姜王生姜洗发水防脱发生发增发育发密发去屑止痒控油正品洗发露
432,【洗发水】COCO香洗发水护发素沐浴露留香控油去屑止痒洗头膏女柔顺套装正品
433,飘柔洗发水露去屑止痒长效控油洁顺水润家庭装发乳洗头膏多规格
434,生姜洗发水套装防脱生发正品护发素洗头膏去屑止痒老姜王洗发露女
435,【大容量500g】生姜王洗发水防脱 修护头发 生发控油老姜汁男女士
436,阿道夫生姜防脱育发洗发水500g姜汁祛屑控油增发密发育发洗头水
437,老姜王防脱育发液生姜洗发水套装去屑止痒洗发乳姜汁洗发膏男女
438,【国妆特字 防脱育发液】固发生发增发密发精油浓密头发液脂溢性
439,追风洗发水正品防掉发去屑止痒洗发露防脱洗发水清爽控油橄榄滋养
440,正品飘柔控油洗发水护发素套装300ml洗头膏去屑止痒柔顺留香
441,何首乌中草药黑发洗发水去屑止痒白发变黑发乌发养发防脱发生发
442,买二送一 防脱发洗发水生姜生发俏滋媛控油止痒去屑无硅油洗发露
443,【7天固发】生发剂生发灵防脱生发精华洗发水姜王头发营养液30ml
444,【防脱洗发水】买二送一【形象美】何首乌中草药润泽洗发水滋养防脱固发黑发养发
445,田爽老姜王生姜洗发水防脱生发增发密发快速变长控油去屑洗发露膏
446,【专利】索芙特防脱发生发洗发水中药生发密法增发育发液去屑止痒
447,正品飘柔精华洗发露去油去屑洗发水洗发膏男士女士套装滋润止痒
448,索芙特防脱洗发水育发生发增发液女男控油学生何首乌防脱发洗发露
449,去屑止痒洗发水除螨虫神器脂溢性头皮屑头皮癣控油洗头膏正品男女
450,【防脱洗发水】三个魔发匠生姜洗发水男女士防脱发去屑止痒控油除螨虫姜汁洗发露
451,原康王去屑止痒洗发水老姜王生姜汁首乌控油防脱发断发生发洗发露
452,老姜王生姜洗发水防脱生发增发密发快速变长控油去屑洗发露500ml
453,嫒珀正品老姜王生姜洗发水防脱生发控油去屑增发育发密发增长液
454,2瓶海鸥去屑洗发膏洗头膏340g控油止痒核桃滋润洗发水防脱无硅油
455,【500ML 认准魅赞】老姜王生姜洗发水防脱洗发露控油去屑止痒柔顺
456,【防脱洗发水】【生姜防脱】洗发水发生发快速增发密发头发去屑控油生姜洗发露女
457,白发变黑发何首乌洗发水正品套装中草药洗发露乌发防脱发洗头膏
458,正品生姜防脱发洗发水增发密发快速变长控油去屑洗发露男女通用
459,【养发黑发防脱】天然汉方洗发水首乌黑芝麻去屑洗发露香控油正品
460,霸王防脱发育发洗发水头发增长液育发液生发液套装(200ml+55ml)
461,【国庆大促】云南白药养元青控油止痒去屑柔顺防脱育发洗发水套装
462,买2送1老姜王生姜快速防脱发洗发水增发密发祛头风月子生发洗发露
463,韵之堂草本去屑洗发露去头屑止痒控油防脱育发男女士洗发水500ml
464,何首乌中草药洗发水白头发转黑发中老年产后白发乌发防脱养发液
465,珀玉泉小淘米无硅油去屑柔顺洗发水护套装止痒控油防脱密发男女士
466,阿道夫生姜防脱洗发水护发素套装老姜汁防掉发育发增发洗头膏正品
467,人参洗发水韩国黑吕紫吕洗发水护发素人参精华固发防脱发促进生发
468,【洗发水】【热销10万+】持久留香72小时洗发水女人香香味香水沐浴露套装正品护发素洗头膏
469,正品么尚洗发水套装洗护发膜无硅油护发素纯生姜防脱生发去屑止痒
470,阿道夫生姜防脱育发洗发水500ml姜汁祛屑控油增发密发育发洗头水
471,【宝妈销售假一赔十】优源洗发水三颗生姜战狼吴京代言无硅油防脱
472,琴叶生姜防脱控油去屑止痒疗发滋润洗发水洗发露乳姜泥丝滑护发素
473,霸王女士防脱洗发液750ml强韧防断发孕期可用洗发水洗发露
474,【防脱洗发水】老姜汁生姜防脱洗发水去屑止痒洗头膏控油洗发乳洗发露800ml
475,正品红瑶养发淘米水洗发水沐浴露套装护发素洗发露洗头膏去屑控油
476,何首乌中草药洗发水白发变黑发生发液护发中老年防脱少年白发正品
477,正品首康原康王去屑止痒洗发水防脱补水深层清洁洗发露男女400ml
478,广西巴马茶麸原浆茶枯茶籽洗发水去屑止痒控油无硅防脱生发乌发液
479,燕兰熹洗发水护发素洗护套装无硅油去屑止痒防脱修护滋养化妆品
480,【买一得四】阿道夫控油清爽洗发水310ml 去屑控油柔顺留香洗头膏
481,泰国黄姜防脱固发育发健控油发洗发水增发密发营养洗发露 720ml
482,老姜王洗发水姜汁洗发露生姜洗发乳防脱去油去屑增发洗头膏760ml
483,老姜王生姜洗发水防脱增发密发快速变长控油去屑洗发露350ml
484,霸王生姜洗发水正品头发增长液快速控油增发密发育发姜汁防脱发生
485,正品生姜洗发水去屑止痒控油防脱发生发头发液姜汁洗发乳套装
486,【防脱洗发水】韵之堂草本去屑洗发水去屑止痒控油防脱育发薑黄防脱洗发水正品
487,RYO吕洗发水套装 修复干枯毛躁柔顺止痒去屑控油防脱发固发洗发水
488,白发变黑发转黑发首乌乌发生发洗发水液生姜止痒去屑防脱洗发露
489,正品防脱发蒂花之秀洗发水去屑清爽焗油柔顺洗头膏止痒控油家庭装
490,[2送1][3送2 ][5送3]天麻何首乌洗发水洗发露乌发防脱黑发养套装
491,官方正品么尚洗发水套装生姜洗护护发素控油去屑防脱生发止痒孕妇
492,【防脱洗发水】正品么尚无硅油纯姜洗发水修护发膜洗护套装生姜去屑止痒防脱控油
493,何首乌中药滋养去屑止痒控油白发变黑发乌发养发防脱发生发洗发水
494,霸王防脱育发洗发水380ml+80ml天然草本防脱发增发密发洗发液正品
495,姜妹手工生姜疗洗发水无硅油防脱去屑控油姜汁洗头膏通用正品包邮
496,单支/套装 正品优源无硅油洗发水发膜控油防脱去屑生姜汁洗护套装
497,【白发变黑发】正品何首乌洗发水中草药植物坚固发根黑发养发防脱
498,【防脱洗发水】正品菲拉朵银离子洗发水三件套 去屑止痒去油防脱发 洗护沐三件套
499,佰丝柔老姜汁生姜洗发水760ml女男士防脱育发去屑止痒姜王姜皇
500,【黑发防脱】洗头膏白发干枯防脱洗发水露护发素黑发强韧男女通用
501,【如假包退】泰国ATREUS生姜洗发水400ml 防脱无硅油控油止痒去屑
502,TS SHAMPOO 帝叶斯防脱清洁护理滋养头皮去屑止痒控油洗发水500ml
503,正品生姜洗发水防脱生发姜疗养发护发无硅油控油去屑止痒男女士
504,【洗发水】Avec Moi 益生菌头皮按摩洗发水清爽控油强韧弹力焕活头皮
505,【无硅油】生姜洗发水防脱发生发增发密发控油去屑止痒正品洗发露
506,生姜洗发水去屑止痒控油正品防脱发防掉发增发密发生发姜汁洗头膏
507,洗发水么尚官方正品代理商《单瓶》生姜汁去屑修复再生发养护佳品
508,【买就买份好的! 】魅赞生姜洗发水护发素防脱洗发露控油去屑止痒
509,【买一送一 共2瓶】760ml橄榄去屑修护洗发水/沐浴露/护发素套装
510,【防脱洗发水】【快速生发】无硅油生姜防脱发洗发水增发密发拯救发际线秃顶
511,何首乌洗发水白发转黑发治根黑发茶麸中草药乌发液控油防脱黑米
512,正品男士古龙洗发水沐浴露套装持久留香去屑止痒控油学生洗发露膏
513,小助手侧柏叶控油防脱洗发水去油生姜防脱发生发增发密发男女正品
514,乳姜乳字号大姜双剂洗发水恋浦男女士洗防脱育发白发养黑去屑滋养
515,【防脱生发】洗发水洗发露洗头膏快速长长增长液 防脱发生发密发
516,【纯植物】正品生发洗发水防脱发生发液增发密发脂溢性止脱增长液
517,【买2送1】老姜王生姜洗发水防脱发生发密发无硅油控油去屑洗发露
518,老姜王生姜防脱洗发水护发素套装去屑止痒洗发露洗发乳500/800ml
519,韵之堂植萃去屑洗发露草本植物去屑止痒控油防脱中草药洗发水正品
520,韩国原装进口正品 RYOE红吕 棕呂 綠呂 修复 防脱洗发水 护发素
521,正品春素洗发水护发素套装生姜防脱止痒氨基酸去屑控油留香沐浴露
522,特效去屑止痒首康正品原康王洗发水深层去屑
523,老姜王生姜洗发水防脱发老姜汁去屑止痒洗发露固发控油柔顺洗发乳
524,正品脑轻松防断生姜洗发水防脱发生发去屑止痒控油男女士洗头膏露
525,【中药为主科技为辅 21天生发】正品生发灵 植物防脱发露膏洗发水
526,生姜洗发水防脱发养发密发育发男女士无硅油去屑控油止痒1000ML
527,【正品】首康去屑止痒洗发水防脱补水控油去头屑洗发露男女400ml
528,何首乌中草药洗发水白发变黑发植物天然乌发黑发护发生发白发养黑
529,[买一送一]霸王何首乌中草药洗发水首乌固发防脱发黑发去屑男女士
530,滋养洗发水防脱发生发快速增发密发头发去屑控油正品生姜洗发露女
531,霸王生姜洗发水防脱发掉发育发增发控油老姜王姜汁洗头膏男女正品
532,【买1送1】正品老姜王防脱生发洗发水生姜洗发露控油去屑洗头膏
533,海飞丝去屑洗发露正品500ml止痒控油防脱男女洗发膏洗发水持久
534,【买2送1】何首乌洗发水黑发养发去少年白发变黑纯天然植物洗发水
535,阿道夫生姜防脱洗发水套装姜汁防掉发育发增发官网正品
536,韵之堂老姜王生姜洗发水防脱发生发男女 去屑止痒控油姜汁洗发露
537,雅顺洗发水护发素套装控油去屑止痒男女防脱发柔顺家庭装思埠正品
538,正品生姜洗发水防脱育发去屑控油增发密发无硅油老姜王男女洗发露
539,何首乌白发转黑发中草药洗发水生发养发洗发液纯天然防脱发神器
540,[正品新货 防伪码验证]生姜洗发水套装正品
541,章光101生姜洗发水防脱发增发际线瑞丝防掉发密长头发老姜汁男女
542,抖音同款快速防脱发洗发水增发密发在生发去屑控油止痒防脱洗发
543,婵润洗护套装婵润生姜洗发水婵润发膜男女防脱去屑止痒控油包邮
544,嫒珀正品老姜王生姜洗发水防脱生发控油去屑增发育发密发增长液
545,九叶草正品老姜王生姜洗发水防脱发生发密发无硅油控油去屑洗发露
546,【防脱洗发水】霸王防脱洗发水防脱发掉发密发增发洗发露洗发液男女士头皮护理液
547,笛梵洗发水套装无硅油毛囊净化强根防脱去屑控油护发素膜400ml*2
548,九叶草老姜王生姜洗发水防脱固发增发控油去屑洗发露发液专柜正品
549,生姜洗发水防脱发控油去屑生发增发密发强根健发防掉发洗发露正品
550,生姜洗发水防脱发去屑止痒洗头膏正品固发男女生发护发头发增长液
551,正品MJ小黑裙香水洗发水护发素沐浴露套装持久留香女控油去屑止痒
552,【洗发水】真品三个魔发匠生姜洗发水防掉养发增发密发老姜王控油去屑洗头膏
553,【正品保证】博倩老姜王洗发水姜汁控油防脱育发护发按摩膏洗发露
554,冲销量正品姜医生防脱发控油生姜洗发水正品男女士姜汁生增发密发
555,顺 滑 柔香coco 洗发水香水持久留香无硅油控油防脱去屑滋润柔顺
556,优源洗发水套装三颗姜洗发露发膜正品护发素生姜防脱去屑控油止痒
557,霸王黑芝麻黑亮洗发露男女式洗发水防脱洗发水增发乌黑密发洗发液
558,【专利】索芙特防脱发生发洗发水中药生发密
559,笛梵新品笛梵毛囊净化强根洗发乳无硅油防脱发去油去屑头洗发水
560,【抖音推荐】何首乌中药白发变黑发洗发水正品一洗黑防脱去屑男士
561,茶麸原浆洗发水防脱发生发洗发露巴马茶籽去屑止痒控油洗头膏正品
562,思埠雅顺洗发水洗护套装柔顺控油去屑止痒防脱发滋养洗发露正品
563,春素洗发水护发素套装植物滋养无硅油氨基酸去屑控油柔顺生姜防脱
564,【超市同款】正品男士古龙洗发水沐浴露套装持去屑止痒控油洗发露
565,生姜洗发水防脱生发增发密发老姜王控油止痒去屑姜汁无硅油洗发露
566,中药99%防脱发洗发水增发密发正品生发控油去屑头发增长液500ml
567,【脱发救星】霸王中草药防脱发防掉发增发密发控油男女通用洗发液
568,韵之堂草本去屑洗发水祛屑止痒防脱育发控油姜汁薑黄防脱洗发露
569,正品优源三棵颗生姜无硅油控油去屑止痒洗发水露发膜持久留香男女
570,【洗发水】【热销3万+】香水味持久留香洗发水沐浴露正品护发素套装洗头膏女柔顺小黑裙
571,正品生姜洗发防脱发防掉发去屑止痒控油洗发露男女洗头膏
572,么尚洗发水防脱、生发、去屑、控油、秃顶、斑秃还可以抑制白发
573,洗发水洗发露沐浴露套装去屑控油止痒防脱发持久留香洗护套装学生
574,三个魔发匠生姜洗发水防脱育发男女老姜王姜汁控油去屑洗头膏500g
575,索芙特洗发水去屑止痒防脱控油滋润修复干枯发质男女士去头屑
576,正品三个魔法匠生姜洗发水生发增发洗发膏去屑止痒控油育发生发液
577,正品包洗发水-750ml去屑止痒控油水润丝质柔滑男士女士滋润补水3D
578,卓蓝雅生姜洗发水防脱发生发密发增发老姜王洗头膏大瓶800ML
579,真芯草洗发水去头皮屑止痒防脱生发控油护发沐浴露洗发露套装正品
580,【买一送一】老姜王生姜防脱洗发水生发增发密发控油去屑止痒固发
581,【800ML买就买份好的! 】魅赞生姜洗发水防脱洗发露控油去屑止痒
582,【防脱洗发水】正品老姜王生姜洗发水护发素 防脱生发控油去屑洗发乳洗发露500ml
583,【买一送一】老姜汁生姜洗发水防脱育发生发养发老姜王姜皇760ml
584,【买2送1】何首乌中草药洗发水白发变黑发生发水防脱固发黑发养发
585,【28天生发】防脱发生发育发增发密发脂溢性斑秃遗传性脱发洗发水
586,老姜王姜汁洗发水防脱生发洗发露老姜汁生姜王控油去屑止痒洗发乳
587,生姜洗发水套装正品防脱发掉发生发增发密发老姜王去屑止痒控油
588,网红款人参洗发水防脱固发去屑无硅油洗头水柔顺控油洗发乳400ml
589,【第二瓶半价】 人参洗发水防脱护发精华无硅油修护控油滋养400ml
590,霸王洗发水育发液生姜防脱洗发水防掉发浓密乌黑固发男女洗发液
591,洗发水去屑控油防脱止痒优7生机头皮舒缓洗发露218ML
592,笛梵洗发水套装无硅油毛囊净化强根防脱去屑控油护发素膜400ml*2
593,【防脱固发黑发养发】何首乌中草药洗发水白发变黑发生发水养发液
594,【防脱洗发水】香港正品燕兰熹洗发水护发素燕兰喜洗护套装无硅油燕来熹防脱去屑
595,正品蜗蜗洗发水300ml发膜护发素150ml洗护套装纯姜洗发水防脱发
596,笛梵洗发水套装无硅油毛囊净化强根防脱去屑控油护发素膜400ml*2
597,【止脱增发 生姜育发】正品生发灵防脱乌发密发控油去屑洗发水液
598,侧柏叶防脱发洗发水生发液无硅油生姜增发密发植物护发素男女正品
599,正品霸王防脱发掉发育发密育发受损洗发水洗发露膏男女士护理套餐
600,【防脱洗发水】何首乌中草药洗发水白头发变黑发植物养发遗传少白头防脱非染发剂
601,阿道夫生姜洗护正品套装 防脱育发姜汁洗发水500ml+护发素420ml
602,阿道夫生姜防脱育发洗发水护发素幽香沐浴露沐浴原液男女通用套装
603,2瓶特惠世琉家SIGNEWKA无硅油生姜洗发水 植物洗发水控油固防脱
604,正品何首乌白发根部转黑发自然生发洗发水生发液防脱生发育液
605,正品三个魔发匠生姜洗发水男女防脱育发去屑止痒清爽控油洗头膏
606,何首乌草本黑发洗发水白发变黑发植物养发乌发治产后白少年中年白
607,老姜王洗发水防脱掉发生姜汁密发膏生发控油去屑止痒男女洗头膏
608,正品么尚洗发水套装么尚洗护发膜护发素防脱生发去屑纯生姜洗发水
609,博倩老姜王1000ml生姜汁洗发水护发素洗护套装防脱育发去屑控油
610,【认准魅赞】生姜洗发水防脱发防掉发增发密发老姜王控油去屑止痒
611,霸王乌发固发何首乌中草药洗发水1L防脱发强根健发黑发男女士
612,生姜防脱育发洗发水护发素套装掉头发男女增发密发控油去屑洗头膏
613,【防脱固发黑发养发】何首乌中草药洗发水白发变黑发生发水强发根
614,生姜生发灵防脱发洗发水洗头膏洗发露去屑控油增发密发正品育发液
615,正品老姜王洗发水护发素套装控油去屑止痒洗发露防脱发男女洗头膏
616,正品乐草元洗发水防脱控油滋养止痒脓包红疹
617,护发防脱发满婷清满养护洗发露300ml除螨控油去屑祛痘止痒男女士
618,买二送一快速防脱生发液水秃顶斑秃鬼剃头增发密发控油止脱育发液
619,【买2送1】何首乌中草药洗发水白头发转黑发白发乌发防脱养发液
620,博倩老姜王姜疗防脱发生发增发密发热能姜泥姜汁洗发水头皮按摩膏
621,【买就买好的 认准魅赞 】老姜王生姜洗发水防脱密发控油去屑止痒
622,【药企研发】白云山生姜洗发水防脱育发去屑止痒控油洗发露男女
623,官网防伪正品姜力洗发水护发素专柜防脱生发生姜无硅油洗护套装
624,【防脱洗发水】拍送洗发水400ml 防脱育发液脂溢性生发增发密发液白转黑何首乌
625,【生发神器】老姜王生姜洗发水防脱生发增发密发快速变长控油去屑
626,姜力洗发水正品止痒防脱无硅油生姜护发素洗护套装去屑控油增密发
627,正品台湾生姜洗发水防脱生发增发控油生姜生发固根热洗乳芙缇育发
628,【防脱发神器】无硅油生姜防脱发洗发水增发密发头发增长液男女式
629,2瓶bxf法国正品多效养护洗发水植物除螨稳固发防断防脱温和不伤发
630,【三件套】洗发水护发素沐浴露正品家庭套装持久香水留香男女美白
631,霸王中草药去屑止痒洗发水滋养修护育发防脱调理头皮男女士洗发露
632,思埠正品雅顺洗发露家庭装护发素去屑止痒防脱发顺滑控油洗发水
633,何首乌中草药洗发水纯天然植物养发液防脱乌发白发变黑发护发
634,【秃头救星】老姜王姜汁洗发水生姜防脱发增发密发产后脱发神器
635,墨兰公主淘米水洗发水正品发膜套装去屑止痒防脱生发无硅油护发素
636,【洗发水】套装800ml正品洗发水学生女护发素沐浴露48小时持久留香洗头水男
637,[中药精华 21天生发剂] 维彩莉生发灵 防脱生发去屑洗发露 洗发水
638,生姜洗发水正品去屑止痒洗头膏老姜王防脱增发密发发洗发露增长液
639,么尚洗发水正品套装纯姜生姜洗头水无硅油防脱发去屑生发止痒发膜
640,【广东名臣】首乌老姜王洗发水洗发露固发防脱发男女士植物洗头膏
641,专柜正品纯生姜洗发水护发素无硅油防脱生发去屑控油姜力洗护套装
642,【防脱洗发水】三个魔发匠生姜洗发水男女士防脱发去屑止痒控油三个魔发匠洗发水
643,潘婷氨基酸洗发水750ml(柔顺 水润光泽 强韧防脱 深层滋养)
644,买2送1【防脱固发黑发养发】何首乌中草药洗发水白发变黑发生发水
645,柏佰泊小淘米洗发水护发套装养发防脱育发去屑无硅油留香正品保证
646,生发灵洗发水老姜王洗发露生姜防脱发生发密发无硅油控油去屑
647,【解决掉发问题】人参何首乌防脱发洗发水增发密发男女士控油去油
648,何首乌中草药洗发水白发变黑发纯植物中草药养发液少白头产后白发
649,白云山敬修堂生姜防脱发洗发水无硅油去屑止痒控油除螨去螨虫男女
650,生姜洗发水防脱发去屑控油去油头发增长密发生发液洗发露350ml
651,买2送1~头发增长液快速变长防脱发加快增发密发育发防掉发洗发水
652,九叶草正品老姜王生姜洗发水防脱发生发密发无硅油控油去屑洗发露
653,生姜洗发水男女止痒去屑防脱发掉发控油养发密发固发洗发露洗头膏
654,【全网爆卖20万件】正品白发变黑发洗发水
655,霸王防脱发洗发水女士脱发去屑控油增发密发护发素套装家庭装正品
656,一禾三生洗发水生发 防脱生发控油无硅油生姜 男女去屑止痒洗护
657,霸王生姜洗发水套装姜汁防脱发掉头发增发黑发固发洗发露1L洗头膏
658,【买一送一】老姜王防脱育发养发洗发水姜皇控油生姜洗发露768ml
659,琴叶威丝婷酸极洗发水护发素防脱控油滋养去屑洗发水露滋养霜修护
660,【防脱】云南本草防脱育发液头发增长液男女密发生发发际线快速变长增发剂
661,正品男士洗发水持久留香控油去屑清爽防脱发大瓶500ml洗头液学生
662,老姜王生姜洗发水防掉发增发密发快速变长控油去屑正品固发防脱
663,【买2送1】何首乌黑发洗发水中草药白发转黑发植物生发液防脱固发
664,百年润发柔顺去屑洗发水露膏100年润发男女士防脱发家庭套装正品
665,正品滋源生姜洗发水露防脱发无硅油护发素控油去屑强根洗护套装
666,【防脱洗发水】【正品】何首乌生姜洗发水护发素套装去屑控油止痒防脱固发洗发露
667,生姜老姜王洗发水控油去油护发素柔顺正品干枯防脱固发去屑止痒
668,滋源洗发水535ml生姜防脱无患子茶籽控油去屑洗护正品
669,生姜洗发水去屑控油去油防脱发增发密发老姜王姜汁洗发露350ml
670,么尚洗发水套装正品无硅油防脱生发控油去屑止痒纯姜修护
671,1958意大利笛梵DIFO洗护套装洗发水护发玻尿酸修护发膜无硅油防脱
672,【洗发水】韵之堂氨基酸无硅油洗发水女香味持久留香去屑止痒控油蓬松洗发露
673,正品九叶草老姜王生姜洗发水防脱发生发增发密发去屑控油350ml
674,生姜洗发水正品么尚洗发水防脱发去屑止痒洗护发膜沐浴露三件套
675,包邮正品名花贵族老姜王防脱去屑控油柔顺成人洗发水洗发露2000ml
676,阿道夫生姜防脱发姜汁洗发水护发素300ml500ml官方专卖店官网正品
677,么尚洗发水洗护套装无硅油生姜防脱养发去屑止痒发膜
678,老姜王生姜洗发水男女士止痒控油去屑洗发水防脱发生发密发洗头膏
679,正品BAIMA白妈无硅油防脱发生发密发生姜洗发水控油去屑止痒孕妇
680,霸王首乌固发洗发液防脱掉发浓密乌发姜汁洗发水控油去屑洗发露
681,姜妹生姜洗发水防脱发增发密发姜汁掉发快速生发增长液男女
682,有情防脱发生姜洗发水正品男女士老姜王无硅油控油去油姜汁洗头膏
683,完美臻荟清透丝润洗护发套装 洗发水护发素 正品女士防脱发掉发
684,【洗发水】紫郁银杏无花果沙参氨基酸去屑止痒控油洗发水持久留香
685,【止脱育发】魅赞老姜王生姜洗发水防脱增发固发控油去屑止痒
686,老姜王生姜洗发水防脱去屑控油九叶草正品生发固发无硅油洗发露
687,正品淘米水洗发水护发素洗护套装无硅油男女防脱控油去屑止痒学生
688,墨兰公主淘米水洗发水300ml去屑控油修护止痒防脱柔顺护发洗发露
689,老生姜洗发水套装正品防脱发生发去屑控油止痒固发密发老姜王汁
690,【洗发水】【热销3万+】抖音网红香水洗发水沐浴露套装控油去屑止痒洗头膏家庭装男女学生
691,蜗蜗纯姜洗发露无硅油防脱发洗发水营养发膜洗护套装生姜窝窝正品
692,潘婷氨基酸洗发水200ml(柔顺 水润光泽 强韧 防脱 深层滋养)
693,【不长头发包退】头发快速变长防脱生发液增发密发男女通用洗发水
694,何首乌黑发洗发水中草药白发转黑发植物生发液少年白发调理防脱发
695,霸王防脱发头发增长液生发液控油洗头膏洗发露女男洗发水套装正品
696,为肯氨基酸植物精萃洗发水护发素沐浴露套装去屑控油蓬松清爽顺滑
697,白发变黑发正品何首乌中草药洗发水养发乌发液黑发洗发水防脱固发
698,霸王防脱发洗发水滋润控油750ml育发防脱生发洗发液男女士洗发露
699,乐草元植物草原洗发水去屑止痒控油防脱养护送体验装正品保证
700,【官方正品防伪验证】绿知了生姜无硅油洗发水护发素防脱生发
701,正品生姜洗发水防脱发生发育发止痒洗发露增发控油去屑固发洗发膏
702,肌肤之食海盐洗发膏去屑止痒洗头膏女男士控油留香无硅油洗发水
703,【买2送1】正品何首乌中草药洗发水去屑控油防脱养发黑发洗发露
704,【买2送1】何首乌中草药洗发水白发变黑发生发水防脱固发黑发养发
705,生姜洗发水去屑控油去油防脱发增发密发老姜王姜汁洗发露无硅油
706,正品老姜王生姜洗发水防脱发生发头发增长液无硅油控油去屑洗发露
707,蜗蜗洗发水发膜护发素洗护套装正品防脱发生姜洗发露男士女士通用
708,去屑止痒除螨去藓脂溢性头皮头屑克星草本精华洗发水护发去屑神器
709,正品墨兰公主淘米水洗护套装去屑控油止痒治脱防脱洗发水护发素
710,阿道夫正品生姜防脱育发洗发水300g男女通用姜汁祛屑洗发膏乳液
711,汇集丽三草两木植物洗发水去屑滋润控油防脱大容量750ml原装进口
712,优妮洗发水正品精油柔顺控油防脱去屑止痒染烫受损男女士洗发露乳
713,正品春素洗发水护发素套装防脱无硅油去屑止痒控油植物营养小皙
714,【洗发水】【热销2万+】小苍兰香水洗发水护发素沐浴露套装去屑控油香水味持久留香洗发露
715,正品滋源无硅油生姜洗发水护发素套装强根健发防脱控油清爽洗发露
716,阿道夫正品生姜洗发水300g防脱发生发增发密发女士男老姜汁防掉发
717,自然工坊老姜王洗发水露生姜王控油防脱生发增发老姜汁正品促销480ml 9.9元/800ml 12.9元
718,么尚生姜去屑止痒控油防脱洗发水护发素正品男女士孕妇可用套装盒
719,梦芭菲油画系列氨基酸洗发水女防脱发去屑止痒护发素女沐浴露套装
720,头发增长液生发液育发液发际线长发液快速变长增发剂生发增长密发
721,棕吕洗发水 防脱发防断发 韩国棕吕洗发水护发素密集强韧丰盈发丝
722,正品滋源无硅油生姜洗发水护发素套装强根健发防脱控油清爽洗发露
723,霸王生姜洗发水套装正品去屑止痒防脱洗头膏生姜洗发露男士女士
724,潘婷氨基酸洗发水400ml(柔顺 水润光泽 强韧防脱 深层滋养)
725,【买好的 认准魅赞】老姜王生姜洗发水防脱生发控油去屑止痒柔顺
726,老姜王防脱固发控油去屑止痒洗发乳防掉发露
727,何首乌中草药洗发水白发变黑发纯植物乌发养发防脱生发少年白头发
728,墨兰公主淘米水洗发水正品包邮去屑止痒防脱生发男女养发套装代理
729,琴叶生姜洗发水1000ml防脱控油/去屑止痒/滋润柔顺多效可选洗发露
730,正品春素小皙洗发水护发素套装防脱无硅油去屑止 痒控油植物营养
731,姜多多洗发水正品去屑防脱生发控油氨基酸 丰盈洗发水正品护发素
732,【洗发水】正品妮美佳 去屑清爽洗发乳特效祛屑止痒深层清洁控油洗发水男女
733,生姜洗发水九叶草正品老姜王防脱发生发密发无硅油控油去屑洗发露
734,滋源生姜强根健发洗发水535ml控油舒缓清爽清洁防脱控发去油去屑
735,去屑止痒洗发水正品 康王防脱发 增发育发 去头藓头皮屑 除螨控油
736,正品茶麸洗发水去屑止痒护男女士防脱生发密发白转变黑茶籽无硅油
737,500g老姜王生姜洗发水防脱生发增发密发快速变长控油去屑洗发水
738,【洗发水】【热销10万+】去屑止痒洗发水正品头皮癬头痒去真菌改善头皮屑神器克星去头屑药
739,【带防伪码】么尚洗发水沐浴露正品套装生姜无硅油防脱发去屑止痒
740,白发变黑发何首乌洗发水正品套装中草药去屑乌发液防脱发洗发膏
741,么尚洗发水护发素套装生姜姜汁无硅油正品孕妇去屑止痒防脱护发膜
742,正品春素洗发水护发素套装植物滋养无硅油氨基酸去屑控油生姜防脱
743,思埠正品雅顺洗发露护发素去屑止痒去油防脱旅行体验装品质保证
744,首乌中草药白发转黑发洗发水正品植物白头发根变乌发洗发膏500ml
745,姜力洗发水正品专柜1号2控油生姜防脱发无硅油去屑止痒护发素套装
746,么尚2/1瓶洗发水沐浴露套装正品生姜防脱去屑控油男女护发素发膜
747,阿道夫生姜防脱育发洗发水生发密发老姜汁强根固发护发素新款正品
748,生姜洗发水去屑控油止痒防脱发增发密发老姜王姜汁洗发露无硅油
749,【生发神器】网红款生姜洗发水防脱发防掉发增发密发生发去屑修护
750,英国the body SHOP生姜洗发水防脱发生发去屑止痒400ml无硅油控油
751,海飞丝护根防掉型去屑洗发水正品750ml 去屑防脱深度清洁柔软顺滑
752,笛梵洗护套装强根防脱去屑洗发水蜗牛原液补水修护发膜沐浴露
753,正品香港燕兰熹绿护洗发水洗发水护发素套装无硅油防脱发去屑控油
754,【第二瓶半价】人参洗发水防脱控油无硅油精华修护毛躁滋润400ml
755,多魅中华神洗胶原滋养洗发水川穹去屑止痒控油生姜防脱护发素正品
756,韩鹭何首乌洗发水中草药白发变黑发转黑防脱发滋养植物洗发露男女
757,姜医生防脱发控油生姜洗发水正品男女士姜汁生增发密发快速生发液
758,正品墨兰公主淘米水洗发水护发素套装洗头膏女防脱发洗发水洗发露
759,么尚洗发水留香发膜沐浴露套装生姜防脱发洗发水男士女增发密发
760,希月女神洗发水洗护套装去屑止痒控油分叉打结干枯毛躁防脱生发
761,留香正品洗发水去屑止痒洗发水护发素套装防脱发洗发水沐浴露套装
762,徽歌淘米水洗发水护发素持久留香去屑止痒柔顺控油无硅油洗护套装
763,红瑶小寨淘米水洗发水滋润 清爽 防脱控油去屑养发洗护套装1000ml
764,么尚正品洗发水沐浴露发膜套装去屑止痒生发防脱发洗头膏护发素香
765,正品发雅丝姜医生防脱发去屑控油补水洗发露品质保证假一罚万
766,正品淘米水洗发水护发素两件套装去屑止痒控油防脱发无硅油洗发露
767,香水洗发水女士持久留香韩国正品控油去屑止痒柔顺防脱护发洗发露
768,百草酵素洗发水头皮护理老中药藏洗头水去屑止痒控油防脱人洗发水
769,正品香港燕兰熹绿护洗发水洗发水护发素套装无硅油防脱发去屑控油
770,墨兰公主淘米水洗发水正品套装去屑止痒护发生发防脱发无硅油发膜
771,正品春素洗发水护发素套装防脱无硅油生姜原液去屑控油植物营养
772,御恒堂天然皂角洗发水 精选皂角 强根防脱 生发黑发养发 去屑止痒
773,姜力洗发水正品10号生姜养发精华液防脱生发液护发素男女增发密发
774,【90后脱发克星!】魅赞老姜王生姜洗发水防脱发增发控油去屑止痒
775,蜗蜗无硅油生姜洗发水防脱控油去头屑洗发露营养发膜护发素套装
776,买2送1SIGNEWKA无硅油生姜洗护植物洗发水控油固防脱德国
777,天麻何首乌洗发水人参首乌生姜中草药洗发露黑发去屑防脱固发套装
778,新款阿道夫生姜防脱育发洗发水育发生发增发密固发男女老姜汁正品
779,何首乌防脱生发黑发洗发水治白发脱发去油去屑密发护发300ML500ML
780,滋源无硅油生姜洗发水护发素套装强根健发防脱控油清爽洗发露正品
781,三个魔发匠生姜防脱发洗发水生发老姜王控油洗头膏去油姜王洗发露
782,正品生姜洗发水防脱发生发增发密发快速长发控油去屑止痒男女套装
783,黑发芝麻生姜去屑洗发水露膏生发控油清爽去油止痒首乌姜王洗发水
784,柏诗春天生姜王洗发水正品防脱发生发老姜王洗发露男女头发增长液
785,【小红书推荐】 生姜洗发水防脱发生发增发密发无硅油正品老姜王
786,么尚洗发水正品套装无硅油生姜洗发水护发素套装防脱发生发去屑
787,固发防脱发洗发水正品止脱滋养增发密发生发液控油去屑止痒洗发膏
788,【防脱发神器】正品生姜洗发水防脱发洗发水增发密发男女士通用
789,何首乌中草药洗发水白头发转黑发中老年产后白发乌发防脱养发液
790,洗发水防脱生发洗发水正品去屑止痒控油护发固发密发洗发露350ml
791,生姜洗发水男女士防脱发无硅油老姜王汁控油去屑止痒洗发水露正品
792,思埠雅顺洗护套装三件套洗发水护发素喷雾去屑止痒防脱发顺滑控油
793,九叶草老姜王高缇雅防脱固发生姜洗发水增发生发密发去屑控油正品
794,正品墨兰公主淘米水洗发水300ml去屑控油修护止痒防脱柔顺洗发露
795,正品包邮博倩老姜王生姜洗发水防脱柔顺去头屑控油老姜皇姜汁洗护
796,何首乌中草药黑发洗发水纯天然植物白发变黑发乌发养发防脱发生发
797,墨兰公主淘米洗发水套装官方正品去油去屑止痒防脱抑制白发无硅油
798,5瓶200m?l霸王正品何首乌发固发洗发水去油防脱发育发液增发去屑
799,正品么尚纯姜洗发水套装无硅去屑止痒防脱控油滋养洗护
800,【旗舰店】霸王防脱育发膏增发固发营养精华素洗头膏护发素发膜
801,正品淘米水洗发水护发素套装800ml无硅油补水去屑止痒控油防脱发
802,正品春素小皙洗发水护发素套装氨基酸无硅油去屑止痒植物防脱发膜
803,墨兰公主淘米水洗发水试用装控油去屑止痒防脱发 受损修复 柔顺
804,正品SHAMPOO日本清之新洗发水去屑清爽超柔滋润洗发露护发素800ml
805,优妮洗发水马油洗发乳650ML正品男女士控油去屑止痒柔顺持久留香
806,正品生姜洗发水套装老姜王防脱发去屑止痒控油洗发露女男士洗头膏
807,广西巴马茶麸原浆茶枯茶籽洗发水去屑止痒控油无硅防脱生发乌发液
808,墨兰公主淘米水洗发水正品防脱生发黑发去屑止痒发膜护发养发套装
809,网红洗发水抖音留香发膜韩冻防脱发增发生姜洗发水套装香水护发素
810,老姜汁正品生姜无硅油洗发水500ml防脱发掉发增发密发固发套装
811,生姜防脱发生发增发密发掉发控油去屑止痒洗发露男女士正品
812,韩国进口RYO吕洗发水护发素套装红吕紫吕绿吕蓝吕黑金吕控油去屑
813,【正品生姜洗发水】防脱养发护发控油去屑止痒无硅油男士女士通用
814,依格美茶箍王去屑黑发养发防脱固发洗发水留香控油茶箍茶籽茶麸
815,墨兰公主淘米水洗发水试用装官网正品套装去屑止痒防脱生发洗头膏
816,正品春素洗发水护发素套装植物滋养无硅油氨基酸去屑控油生姜防脱
817,三个魔发匠生姜洗发水防脱发清爽生发洗发露去屑控油洗头膏护发素
818,【正品防脱】索芙特洗发水育发香波养固发生发控油去屑女男士600g
819,正品阿道夫洗发水沐浴露护发素套装大瓶500ml800ml去屑持久留香
